,Unnamed: 0,Time,ValueRAW,Value,RealConcentration,PreConc
0,0,2021-06-09 23:17:48.622,32689,1021.53125,2.5,0
1,1,2021-06-09 23:17:49.151,32684,1021.375,2.5,0
2,2,2021-06-09 23:17:49.693,32682,1021.3125,2.5,0
3,3,2021-06-09 23:17:50.222,32681,1021.28125,2.5,0
4,4,2021-06-09 23:17:50.757,32678,1021.1875,2.5,0
5,5,2021-06-09 23:17:51.280,32674,1021.0625,2.5,0
6,6,2021-06-09 23:17:51.815,32674,1021.0625,2.5,0
7,7,2021-06-09 23:17:52.338,32665,1020.78125,2.5,0
8,8,2021-06-09 23:17:52.873,32664,1020.75,2.5,0
9,9,2021-06-09 23:17:53.396,32666,1020.8125,2.5,0
10,10,2021-06-09 23:17:53.926,32661,1020.65625,2.5,0
11,11,2021-06-09 23:17:54.471,32661,1020.65625,2.5,0
12,12,2021-06-09 23:17:54.993,32657,1020.53125,2.5,0
13,13,2021-06-09 23:17:55.514,32654,1020.4375,2.5,0
14,14,2021-06-09 23:17:56.037,32655,1020.46875,2.5,0
15,15,2021-06-09 23:17:56.560,32654,1020.4375,2.5,0
16,16,2021-06-09 23:17:57.095,32653,1020.40625,2.5,0
17,17,2021-06-09 23:17:57.617,32649,1020.28125,2.5,0
18,18,2021-06-09 23:17:58.142,32646,1020.1875,2.5,0
19,19,2021-06-09 23:17:58.682,32648,1020.25,2.5,0
20,20,2021-06-09 23:17:59.215,32650,1020.3125,2.5,0
21,21,2021-06-09 23:17:59.750,32651,1020.34375,2.5,0
22,22,2021-06-09 23:18:00.274,32644,1020.125,2.5,0
23,23,2021-06-09 23:18:00.808,32645,1020.15625,2.5,0
24,24,2021-06-09 23:18:01.332,32640,1020.0,2.5,0
25,25,2021-06-09 23:18:01.869,32642,1020.0625,2.5,0
26,26,2021-06-09 23:18:02.393,32641,1020.03125,2.5,0
27,27,2021-06-09 23:18:02.929,32642,1020.0625,2.5,0
28,28,2021-06-09 23:18:03.452,32630,1019.6875,2.5,0
29,29,2021-06-09 23:18:03.976,32631,1019.71875,2.5,0
30,30,2021-06-09 23:18:04.523,32628,1019.625,2.5,0
31,31,2021-06-09 23:18:05.046,32624,1019.5,2.5,0
32,32,2021-06-09 23:18:05.583,32619,1019.34375,2.5,0
33,33,2021-06-09 23:18:06.107,32609,1019.03125,2.5,0
34,34,2021-06-09 23:18:06.643,32597,1018.65625,2.5,0
35,35,2021-06-09 23:18:07.170,32597,1018.65625,2.5,0
36,36,2021-06-09 23:18:07.698,32589,1018.40625,2.5,0
37,37,2021-06-09 23:18:08.219,32576,1018.0,2.5,0
38,38,2021-06-09 23:18:08.743,32572,1017.875,2.5,0
39,39,2021-06-09 23:18:09.288,32566,1017.6875,2.5,0
40,40,2021-06-09 23:18:09.817,32557,1017.40625,2.5,0
41,41,2021-06-09 23:18:10.352,32549,1017.15625,2.5,0
42,42,2021-06-09 23:18:10.875,32542,1016.9375,2.5,0
43,43,2021-06-09 23:18:11.412,32540,1016.875,2.5,0
44,44,2021-06-09 23:18:11.936,32525,1016.40625,2.5,0
45,45,2021-06-09 23:18:12.472,32517,1016.15625,2.5,0
46,46,2021-06-09 23:18:12.994,32516,1016.125,2.5,0
47,47,2021-06-09 23:18:13.530,32499,1015.59375,2.5,0
48,48,2021-06-09 23:18:14.053,32485,1015.15625,2.5,0
49,49,2021-06-09 23:18:14.582,32470,1014.6875,2.5,0
50,50,2021-06-09 23:18:15.128,32459,1014.34375,2.5,0
51,51,2021-06-09 23:18:15.652,32429,1013.40625,2.5,0
52,52,2021-06-09 23:18:16.187,32416,1013.0,2.5,0
53,53,2021-06-09 23:18:16.710,32406,1012.6875,2.5,0
54,54,2021-06-09 23:18:17.246,32390,1012.1875,2.5,0
55,55,2021-06-09 23:18:17.770,32390,1012.1875,2.5,0
56,56,2021-06-09 23:18:18.305,32390,1012.1875,2.5,0
57,57,2021-06-09 23:18:18.827,32382,1011.9375,2.5,0
58,58,2021-06-09 23:18:19.353,32375,1011.71875,2.5,0
59,59,2021-06-09 23:18:19.896,32375,1011.71875,2.5,0
60,60,2021-06-09 23:18:20.425,32346,1010.8125,2.5,0
61,61,2021-06-09 23:18:20.949,32309,1009.65625,2.5,0
62,62,2021-06-09 23:18:21.484,32277,1008.65625,2.5,0
63,63,2021-06-09 23:18:22.008,32283,1008.84375,2.5,0
64,64,2021-06-09 23:18:22.544,32289,1009.03125,2.5,0
65,65,2021-06-09 23:18:23.068,32277,1008.65625,2.5,0
66,66,2021-06-09 23:18:23.603,32250,1007.8125,2.5,0
67,67,2021-06-09 23:18:24.125,32234,1007.3125,2.5,0
68,68,2021-06-09 23:18:24.651,32237,1007.40625,2.5,0
69,69,2021-06-09 23:18:25.196,32219,1006.84375,2.5,0
70,70,2021-06-09 23:18:25.719,32199,1006.21875,2.5,0
71,71,2021-06-09 23:18:26.255,32195,1006.09375,2.5,0
72,72,2021-06-09 23:18:26.778,32175,1005.46875,2.5,0
73,73,2021-06-09 23:18:27.313,32162,1005.0625,2.5,0
74,74,2021-06-09 23:18:27.838,32141,1004.40625,2.5,0
75,75,2021-06-09 23:18:28.374,32142,1004.4375,2.5,0
76,76,2021-06-09 23:18:28.896,32136,1004.25,2.5,0
77,77,2021-06-09 23:18:29.420,32110,1003.4375,2.5,0
78,78,2021-06-09 23:18:29.960,32104,1003.25,2.5,0
79,79,2021-06-09 23:18:30.492,32067,1002.09375,2.5,0
80,80,2021-06-09 23:18:31.027,32064,1002.0,2.5,0
81,81,2021-06-09 23:18:31.551,32057,1001.78125,2.5,0
82,82,2021-06-09 23:18:32.087,32046,1001.4375,2.5,0
83,83,2021-06-09 23:18:32.611,31999,999.96875,2.5,0
84,84,2021-06-09 23:18:33.147,31998,999.9375,2.5,0
85,85,2021-06-09 23:18:33.669,32001,1000.03125,2.5,0
86,86,2021-06-09 23:18:34.191,32005,1000.15625,2.5,0
87,87,2021-06-09 23:18:34.714,31964,998.875,2.5,0
88,88,2021-06-09 23:18:35.244,31977,999.28125,2.5,0
89,89,2021-06-09 23:18:35.790,31962,998.8125,2.5,0
90,90,2021-06-09 23:18:36.314,31916,997.375,2.5,0
91,91,2021-06-09 23:18:36.850,31876,996.125,2.5,0
92,92,2021-06-09 23:18:37.375,31895,996.71875,2.5,0
93,93,2021-06-09 23:18:37.910,31884,996.375,2.5,0
94,94,2021-06-09 23:18:38.434,31876,996.125,2.5,0
95,95,2021-06-09 23:18:38.969,31888,996.5,2.5,0
96,96,2021-06-09 23:18:39.491,31865,995.78125,2.5,0
97,97,2021-06-09 23:18:40.016,31846,995.1875,2.5,0
98,98,2021-06-09 23:18:40.560,31850,995.3125,2.5,0
99,99,2021-06-09 23:18:41.085,31836,994.875,2.5,0
100,100,2021-06-09 23:18:41.622,31821,994.40625,2.5,0
101,101,2021-06-09 23:18:42.151,31801,993.78125,2.5,0
102,102,2021-06-09 23:18:42.686,31795,993.59375,2.5,0
103,103,2021-06-09 23:18:43.209,31802,993.8125,2.5,0
104,104,2021-06-09 23:18:43.744,31786,993.3125,2.5,0
105,105,2021-06-09 23:18:44.266,31777,993.03125,2.5,0
106,106,2021-06-09 23:18:44.791,31760,992.5,2.5,0
107,107,2021-06-09 23:18:45.330,31741,991.90625,2.5,0
108,108,2021-06-09 23:18:45.864,31727,991.46875,2.5,0
109,109,2021-06-09 23:18:46.400,31728,991.5,2.5,0
110,110,2021-06-09 23:18:46.924,31727,991.46875,2.5,0
111,111,2021-06-09 23:18:47.460,31723,991.34375,2.5,0
112,112,2021-06-09 23:18:47.983,31689,990.28125,2.5,0
113,113,2021-06-09 23:18:48.519,31674,989.8125,2.5,0
114,114,2021-06-09 23:18:49.042,31713,991.03125,2.5,0
115,115,2021-06-09 23:18:49.568,31676,989.875,2.5,0
116,116,2021-06-09 23:18:50.111,31669,989.65625,2.5,0
117,117,2021-06-09 23:18:50.643,31660,989.375,2.5,0
118,118,2021-06-09 23:18:51.166,31678,989.9375,2.5,0
119,119,2021-06-09 23:18:51.702,31667,989.59375,2.5,0
120,120,2021-06-09 23:18:52.226,31659,989.34375,2.5,0
121,121,2021-06-09 23:18:52.762,31645,988.90625,2.5,0
122,122,2021-06-09 23:18:53.286,31628,988.375,2.5,0
123,123,2021-06-09 23:18:53.824,31609,987.78125,2.5,0
124,124,2021-06-09 23:18:54.352,31634,988.5625,2.5,0
125,125,2021-06-09 23:18:54.877,31629,988.40625,2.5,0
126,126,2021-06-09 23:18:55.412,31606,987.6875,2.5,0
127,127,2021-06-09 23:18:55.943,31619,988.09375,2.5,0
128,128,2021-06-09 23:18:56.480,31603,987.59375,2.5,0
129,129,2021-06-09 23:18:57.003,31572,986.625,2.5,0
130,130,2021-06-09 23:18:57.539,31579,986.84375,2.5,0
131,131,2021-06-09 23:18:58.064,31559,986.21875,2.5,0
132,132,2021-06-09 23:18:58.599,31517,984.90625,2.5,0
133,133,2021-06-09 23:18:59.126,31536,985.5,2.5,0
134,134,2021-06-09 23:18:59.649,31532,985.375,2.5,0
135,135,2021-06-09 23:19:00.172,31537,985.53125,2.5,0
136,136,2021-06-09 23:19:00.695,31510,984.6875,2.5,0
137,137,2021-06-09 23:19:01.229,31502,984.4375,2.5,0
138,138,2021-06-09 23:19:01.751,31462,983.1875,2.5,0
139,139,2021-06-09 23:19:02.274,31442,982.5625,2.5,0
140,140,2021-06-09 23:19:02.802,31469,983.40625,2.5,0
141,141,2021-06-09 23:19:03.339,31483,983.84375,2.5,0
142,142,2021-06-09 23:19:03.862,31490,984.0625,2.5,0
143,143,2021-06-09 23:19:04.398,31453,982.90625,2.5,0
144,144,2021-06-09 23:19:04.920,31439,982.46875,2.5,0
145,145,2021-06-09 23:19:05.443,31439,982.46875,2.5,0
146,146,2021-06-09 23:19:05.968,31450,982.8125,2.5,0
147,147,2021-06-09 23:19:06.509,31450,982.8125,2.5,0
148,148,2021-06-09 23:19:07.033,31395,981.09375,2.5,0
149,149,2021-06-09 23:19:07.568,31409,981.53125,2.5,0
150,150,2021-06-09 23:19:08.092,31401,981.28125,2.5,0
151,151,2021-06-09 23:19:08.628,31394,981.0625,2.5,0
152,152,2021-06-09 23:19:09.151,31352,979.75,2.5,0
153,153,2021-06-09 23:19:09.687,31391,980.96875,2.5,0
154,154,2021-06-09 23:19:10.211,31374,980.4375,2.5,0
155,155,2021-06-09 23:19:10.736,31380,980.625,2.5,0
156,156,2021-06-09 23:19:11.276,31385,980.78125,2.5,0
157,157,2021-06-09 23:19:11.800,31363,980.09375,2.5,0
158,158,2021-06-09 23:19:12.336,31353,979.78125,2.5,0
159,159,2021-06-09 23:19:12.860,31341,979.40625,2.5,0
160,160,2021-06-09 23:19:13.396,31352,979.75,2.5,0
161,161,2021-06-09 23:19:13.920,31308,978.375,2.5,0
162,162,2021-06-09 23:19:14.457,31317,978.65625,2.5,0
163,163,2021-06-09 23:19:14.981,31305,978.28125,2.5,0
164,164,2021-06-09 23:19:15.503,31310,978.4375,2.5,0
165,165,2021-06-09 23:19:16.026,31332,979.125,2.5,0
166,166,2021-06-09 23:19:16.558,31348,979.625,2.5,0
167,167,2021-06-09 23:19:17.095,31312,978.5,2.5,0
168,168,2021-06-09 23:19:17.619,31272,977.25,2.5,0
169,169,2021-06-09 23:19:18.156,31253,976.65625,2.5,0
170,170,2021-06-09 23:19:18.680,31270,977.1875,2.5,0
171,171,2021-06-09 23:19:19.216,31274,977.3125,2.5,0
172,172,2021-06-09 23:19:19.746,31251,976.59375,2.5,0
173,173,2021-06-09 23:19:20.276,31251,976.59375,2.5,0
174,174,2021-06-09 23:19:20.798,31240,976.25,2.5,0
175,175,2021-06-09 23:19:21.324,31232,976.0,2.5,0
176,176,2021-06-09 23:19:21.870,31237,976.15625,2.5,0
177,177,2021-06-09 23:19:22.394,31235,976.09375,2.5,0
178,178,2021-06-09 23:19:22.930,31203,975.09375,2.5,0
179,179,2021-06-09 23:19:23.455,31196,974.875,2.5,0
180,180,2021-06-09 23:19:24.033,31201,975.03125,2.5,0
181,181,2021-06-09 23:19:24.562,31204,975.125,2.5,0
182,182,2021-06-09 23:19:25.098,31196,974.875,2.5,0
183,183,2021-06-09 23:19:25.621,31198,974.9375,2.5,0
184,184,2021-06-09 23:19:26.143,31192,974.75,2.5,0
185,185,2021-06-09 23:19:26.666,31186,974.5625,2.5,0
186,186,2021-06-09 23:19:27.191,31174,974.1875,2.5,0
187,187,2021-06-09 23:19:27.739,31164,973.875,2.5,0
188,188,2021-06-09 23:19:28.263,31164,973.875,2.5,0
189,189,2021-06-09 23:19:28.800,31158,973.6875,2.5,0
190,190,2021-06-09 23:19:29.324,31162,973.8125,2.5,0
191,191,2021-06-09 23:19:29.860,31166,973.9375,2.5,0
192,192,2021-06-09 23:19:30.385,31164,973.875,2.5,0
193,193,2021-06-09 23:19:30.921,31166,973.9375,2.5,0
194,194,2021-06-09 23:19:31.443,31137,973.03125,2.5,0
195,195,2021-06-09 23:19:31.968,31101,971.90625,2.5,0
196,196,2021-06-09 23:19:32.500,31107,972.09375,2.5,0
197,197,2021-06-09 23:19:33.037,31098,971.8125,2.5,0
198,198,2021-06-09 23:19:33.572,31091,971.59375,2.5,0
199,199,2021-06-09 23:19:34.097,31089,971.53125,2.5,0
200,200,2021-06-09 23:19:34.633,31082,971.3125,2.5,0
201,201,2021-06-09 23:19:35.156,31074,971.0625,2.5,0
202,202,2021-06-09 23:19:35.678,31047,970.21875,2.5,0
203,203,2021-06-09 23:19:36.202,31061,970.65625,2.5,0
204,204,2021-06-09 23:19:36.729,31045,970.15625,2.5,0
205,205,2021-06-09 23:19:37.254,31050,970.3125,2.5,0
206,206,2021-06-09 23:19:37.797,31050,970.3125,2.5,0
207,207,2021-06-09 23:19:38.321,31009,969.03125,2.5,0
208,208,2021-06-09 23:19:38.857,31047,970.21875,2.5,0
209,209,2021-06-09 23:19:39.381,31016,969.25,2.5,0
210,210,2021-06-09 23:19:39.918,31012,969.125,2.5,0
211,211,2021-06-09 23:19:40.443,30992,968.5,2.5,0
212,212,2021-06-09 23:19:40.981,31003,968.84375,2.5,0
213,213,2021-06-09 23:19:41.511,31010,969.0625,2.5,0
214,214,2021-06-09 23:19:42.035,30984,968.25,2.5,0
215,215,2021-06-09 23:19:42.570,30928,966.5,2.5,0
216,216,2021-06-09 23:19:43.102,30953,967.28125,2.5,0
217,217,2021-06-09 23:19:43.646,30948,967.125,2.5,0
218,218,2021-06-09 23:19:44.170,30907,965.84375,2.5,0
219,219,2021-06-09 23:19:44.707,30899,965.59375,2.5,0
220,220,2021-06-09 23:19:45.232,30963,967.59375,2.5,0
221,221,2021-06-09 23:19:45.768,30913,966.03125,2.5,0
222,222,2021-06-09 23:19:46.299,30898,965.5625,2.5,0
223,223,2021-06-09 23:19:46.836,30938,966.8125,2.5,0
224,224,2021-06-09 23:19:47.358,30962,967.5625,2.5,0
225,225,2021-06-09 23:19:47.883,30926,966.4375,2.5,0
226,226,2021-06-09 23:19:48.429,30923,966.34375,2.5,0
227,227,2021-06-09 23:19:48.963,30952,967.25,2.5,0
228,228,2021-06-09 23:19:49.499,30922,966.3125,2.5,0
229,229,2021-06-09 23:19:50.024,30913,966.03125,2.5,0
230,230,2021-06-09 23:19:50.561,30927,966.46875,2.5,0
231,231,2021-06-09 23:19:51.090,30834,963.5625,2.5,0
232,232,2021-06-09 23:19:51.627,30869,964.65625,2.5,0
233,233,2021-06-09 23:19:52.149,30882,965.0625,2.5,0
234,234,2021-06-09 23:19:52.671,30897,965.53125,2.5,0
235,235,2021-06-09 23:19:53.196,30877,964.90625,2.5,0
236,236,2021-06-09 23:19:53.724,30877,964.90625,2.5,0
237,237,2021-06-09 23:19:54.271,30882,965.0625,2.5,0
238,238,2021-06-09 23:19:54.797,30849,964.03125,2.5,0
239,239,2021-06-09 23:19:55.333,30853,964.15625,2.5,0
240,240,2021-06-09 23:19:55.858,30842,963.8125,2.5,0
241,241,2021-06-09 23:19:56.394,30843,963.84375,2.5,0
242,242,2021-06-09 23:19:56.918,30830,963.4375,2.5,0
243,243,2021-06-09 23:19:57.455,30815,962.96875,2.5,0
244,244,2021-06-09 23:19:57.977,30812,962.875,2.5,0
245,245,2021-06-09 23:19:58.503,30845,963.90625,2.5,0
246,246,2021-06-09 23:19:59.045,30827,963.34375,2.5,0
247,247,2021-06-09 23:19:59.570,30827,963.34375,2.5,0
248,248,2021-06-09 23:20:00.106,30826,963.3125,2.5,0
249,249,2021-06-09 23:20:00.630,30770,961.5625,2.5,0
250,250,2021-06-09 23:20:01.167,30769,961.53125,2.5,0
251,251,2021-06-09 23:20:01.691,30737,960.53125,2.5,0
252,252,2021-06-09 23:20:02.227,30751,960.96875,2.5,0
253,253,2021-06-09 23:20:02.750,30713,959.78125,2.5,0
254,254,2021-06-09 23:20:03.275,30680,958.75,2.5,0
255,255,2021-06-09 23:20:03.800,30718,959.9375,2.5,0
256,256,2021-06-09 23:20:04.348,30707,959.59375,2.5,0
257,257,2021-06-09 23:20:04.872,30721,960.03125,2.5,0
258,258,2021-06-09 23:20:05.409,30724,960.125,2.5,0
259,259,2021-06-09 23:20:05.933,30704,959.5,2.5,0
260,260,2021-06-09 23:20:06.471,30717,959.90625,2.5,0
261,261,2021-06-09 23:20:06.996,30697,959.28125,2.5,0
262,262,2021-06-09 23:20:07.533,30696,959.25,2.5,0
263,263,2021-06-09 23:20:08.063,30662,958.1875,2.5,0
264,264,2021-06-09 23:20:08.588,30690,959.0625,2.5,0
265,265,2021-06-09 23:20:09.128,30698,959.3125,2.5,0
266,266,2021-06-09 23:20:09.660,30676,958.625,2.5,0
267,267,2021-06-09 23:20:10.196,30656,958.0,2.5,0
268,268,2021-06-09 23:20:10.720,30649,957.78125,2.5,0
269,269,2021-06-09 23:20:11.256,30616,956.75,2.5,0
270,270,2021-06-09 23:20:11.782,30662,958.1875,2.5,0
271,271,2021-06-09 23:20:12.318,30625,957.03125,2.5,0
272,272,2021-06-09 23:20:12.841,30608,956.5,2.5,0
273,273,2021-06-09 23:20:13.363,30587,955.84375,2.5,0
274,274,2021-06-09 23:20:13.887,30561,955.03125,2.5,0
275,275,2021-06-09 23:20:14.412,30610,956.5625,2.5,0
276,276,2021-06-09 23:20:14.960,30589,955.90625,2.5,0
277,277,2021-06-09 23:20:15.484,30579,955.59375,2.5,0
278,278,2021-06-09 23:20:16.022,30564,955.125,2.5,0
279,279,2021-06-09 23:20:16.547,30582,955.6875,2.5,0
280,280,2021-06-09 23:20:17.085,30560,955.0,2.5,0
281,281,2021-06-09 23:20:17.609,30553,954.78125,2.5,0
282,282,2021-06-09 23:20:18.146,30545,954.53125,2.5,0
283,283,2021-06-09 23:20:18.668,30548,954.625,2.5,0
284,284,2021-06-09 23:20:19.193,30578,955.5625,2.5,0
285,285,2021-06-09 23:20:19.727,30580,955.625,2.5,0
286,286,2021-06-09 23:20:20.259,30535,954.21875,2.5,0
287,287,2021-06-09 23:20:20.797,30544,954.5,2.5,0
288,288,2021-06-09 23:20:21.322,30533,954.15625,2.5,0
289,289,2021-06-09 23:20:21.858,30510,953.4375,2.5,0
290,290,2021-06-09 23:20:22.383,30491,952.84375,2.5,0
291,291,2021-06-09 23:20:22.920,30477,952.40625,2.5,0
292,292,2021-06-09 23:20:23.442,30519,953.71875,2.5,0
293,293,2021-06-09 23:20:23.966,30496,953.0,2.5,0
294,294,2021-06-09 23:20:24.505,30480,952.5,2.5,0
295,295,2021-06-09 23:20:25.036,30473,952.28125,2.5,0
296,296,2021-06-09 23:20:25.582,30477,952.40625,2.5,0
297,297,2021-06-09 23:20:26.107,30490,952.8125,2.5,0
298,298,2021-06-09 23:20:26.644,30475,952.34375,2.5,0
299,299,2021-06-09 23:20:27.168,30412,950.375,2.5,0
300,300,2021-06-09 23:20:27.706,30420,950.625,2.5,0
301,301,2021-06-09 23:20:28.231,30436,951.125,2.5,0
302,302,2021-06-09 23:20:28.768,30442,951.3125,2.5,0
303,303,2021-06-09 23:20:29.291,30455,951.71875,2.5,0
304,304,2021-06-09 23:20:29.817,30421,950.65625,2.5,0
305,305,2021-06-09 23:20:30.363,30421,950.65625,2.5,0
306,306,2021-06-09 23:20:30.887,30420,950.625,2.5,0
307,307,2021-06-09 23:20:31.425,30436,951.125,2.5,0
308,308,2021-06-09 23:20:31.947,30426,950.8125,2.5,0
309,309,2021-06-09 23:20:32.470,30402,950.0625,2.5,0
310,310,2021-06-09 23:20:33.032,30330,947.8125,2.5,0
311,311,2021-06-09 23:20:33.556,30402,950.0625,2.5,0
312,312,2021-06-09 23:20:34.093,30400,950.0,2.5,0
313,313,2021-06-09 23:20:34.620,30352,948.5,2.5,0
314,314,2021-06-09 23:20:35.146,30389,949.65625,2.5,0
315,315,2021-06-09 23:20:35.691,30385,949.53125,2.5,0
316,316,2021-06-09 23:20:36.216,30395,949.84375,2.5,0
317,317,2021-06-09 23:20:36.752,30419,950.59375,2.5,0
318,318,2021-06-09 23:20:37.276,30415,950.46875,2.5,0
319,319,2021-06-09 23:20:37.813,30384,949.5,2.5,0
320,320,2021-06-09 23:20:38.339,30447,951.46875,2.5,0
321,321,2021-06-09 23:20:38.875,30412,950.375,2.5,0
322,322,2021-06-09 23:20:39.398,30418,950.5625,2.5,0
323,323,2021-06-09 23:20:39.922,30409,950.28125,2.5,0
324,324,2021-06-09 23:20:40.446,30366,948.9375,2.5,0
325,325,2021-06-09 23:20:40.979,30403,950.09375,2.5,0
326,326,2021-06-09 23:20:41.516,30386,949.5625,2.5,0
327,327,2021-06-09 23:20:42.041,30357,948.65625,2.5,0
328,328,2021-06-09 23:20:42.577,30380,949.375,2.5,0
329,329,2021-06-09 23:20:43.102,30395,949.84375,2.5,0
330,330,2021-06-09 23:20:43.640,30393,949.78125,2.5,0
331,331,2021-06-09 23:20:44.163,30405,950.15625,2.5,0
332,332,2021-06-09 23:20:44.694,30358,948.6875,2.5,0
333,333,2021-06-09 23:20:45.217,30342,948.1875,2.5,0
334,334,2021-06-09 23:20:45.743,30321,947.53125,2.5,0
335,335,2021-06-09 23:20:46.291,30323,947.59375,2.5,0
336,336,2021-06-09 23:20:46.815,30324,947.625,2.5,0
337,337,2021-06-09 23:20:47.354,30360,948.75,2.5,0
338,338,2021-06-09 23:20:47.879,30302,946.9375,2.5,0
339,339,2021-06-09 23:20:48.415,30335,947.96875,2.5,0
340,340,2021-06-09 23:20:48.939,30317,947.40625,2.5,0
341,341,2021-06-09 23:20:49.463,30342,948.1875,2.5,0
342,342,2021-06-09 23:20:49.986,30330,947.8125,2.5,0
343,343,2021-06-09 23:20:50.511,30261,945.65625,2.5,0
344,344,2021-06-09 23:20:51.061,30308,947.125,2.5,0
345,345,2021-06-09 23:20:51.590,30299,946.84375,2.5,0
346,346,2021-06-09 23:20:52.128,30298,946.8125,2.5,0
347,347,2021-06-09 23:20:52.654,30288,946.5,2.5,0
348,348,2021-06-09 23:20:53.191,30286,946.4375,2.5,0
349,349,2021-06-09 23:20:53.715,30292,946.625,2.5,0
350,350,2021-06-09 23:20:54.253,30266,945.8125,2.5,0
351,351,2021-06-09 23:20:54.775,30248,945.25,2.5,0
352,352,2021-06-09 23:20:55.300,30225,944.53125,2.5,0
353,353,2021-06-09 23:20:55.827,30214,944.1875,2.5,0
354,354,2021-06-09 23:20:56.361,30229,944.65625,2.5,0
355,355,2021-06-09 23:20:56.899,30234,944.8125,2.5,0
356,356,2021-06-09 23:20:57.423,30221,944.40625,2.5,0
357,357,2021-06-09 23:20:57.961,30229,944.65625,2.5,0
358,358,2021-06-09 23:20:58.485,30229,944.65625,2.5,0
359,359,2021-06-09 23:20:59.022,30229,944.65625,2.5,0
360,360,2021-06-09 23:20:59.545,30221,944.40625,2.5,0
361,361,2021-06-09 23:21:00.069,30239,944.96875,2.5,0
362,362,2021-06-09 23:21:00.594,30257,945.53125,2.5,0
363,363,2021-06-09 23:21:01.124,30255,945.46875,2.5,0
364,364,2021-06-09 23:21:01.655,30219,944.34375,2.5,0
365,365,2021-06-09 23:21:02.192,30224,944.5,2.5,0
366,366,2021-06-09 23:21:02.716,30218,944.3125,2.5,0
367,367,2021-06-09 23:21:03.253,30196,943.625,2.5,0
368,368,2021-06-09 23:21:03.778,30153,942.28125,2.5,0
369,369,2021-06-09 23:21:04.315,30193,943.53125,2.5,0
370,370,2021-06-09 23:21:04.838,30144,942.0,2.5,0
371,371,2021-06-09 23:21:05.363,30197,943.65625,2.5,0
372,372,2021-06-09 23:21:05.894,30175,942.96875,2.5,0
373,373,2021-06-09 23:21:06.423,30159,942.46875,2.5,0
374,374,2021-06-09 23:21:06.970,30148,942.125,2.5,0
375,375,2021-06-09 23:21:07.495,30139,941.84375,2.5,0
376,376,2021-06-09 23:21:08.031,30108,940.875,2.5,0
377,377,2021-06-09 23:21:08.556,30154,942.3125,2.5,0
378,378,2021-06-09 23:21:09.094,30174,942.9375,2.5,0
379,379,2021-06-09 23:21:09.619,30170,942.8125,2.5,0
380,380,2021-06-09 23:21:10.157,30144,942.0,2.5,0
381,381,2021-06-09 23:21:10.679,30135,941.71875,2.5,0
382,382,2021-06-09 23:21:11.204,30131,941.59375,2.5,0
383,383,2021-06-09 23:21:11.729,30123,941.34375,2.5,0
384,384,2021-06-09 23:21:12.264,30103,940.71875,2.5,0
385,385,2021-06-09 23:21:12.802,30137,941.78125,2.5,0
386,386,2021-06-09 23:21:13.327,30117,941.15625,2.5,0
387,387,2021-06-09 23:21:13.865,30112,941.0,2.5,0
388,388,2021-06-09 23:21:14.393,30138,941.8125,2.5,0
389,389,2021-06-09 23:21:14.930,30095,940.46875,2.5,0
390,390,2021-06-09 23:21:15.454,30128,941.5,2.5,0
391,391,2021-06-09 23:21:15.991,30110,940.9375,2.5,0
392,392,2021-06-09 23:21:16.514,30116,941.125,2.5,0
393,393,2021-06-09 23:21:17.040,30069,939.65625,2.5,0
394,394,2021-06-09 23:21:17.587,30128,941.5,2.5,0
395,395,2021-06-09 23:21:18.111,30088,940.25,2.5,0
396,396,2021-06-09 23:21:18.650,30090,940.3125,2.5,0
397,397,2021-06-09 23:21:19.181,30092,940.375,2.5,0
398,398,2021-06-09 23:21:19.719,30096,940.5,2.5,0
399,399,2021-06-09 23:21:20.243,30054,939.1875,2.5,0
400,400,2021-06-09 23:21:20.781,30086,940.1875,2.5,0
401,401,2021-06-09 23:21:21.304,30049,939.03125,2.5,0
402,402,2021-06-09 23:21:21.827,30036,938.625,2.5,0
403,403,2021-06-09 23:21:22.351,30042,938.8125,2.5,0
404,404,2021-06-09 23:21:22.884,30075,939.84375,2.5,0
405,405,2021-06-09 23:21:23.423,30079,939.96875,2.5,0
406,406,2021-06-09 23:21:23.947,30008,937.75,2.5,0
407,407,2021-06-09 23:21:24.484,30014,937.9375,2.5,0
408,408,2021-06-09 23:21:25.009,29964,936.375,2.5,0
409,409,2021-06-09 23:21:25.546,29967,936.46875,2.5,0
410,410,2021-06-09 23:21:26.069,30003,937.59375,2.5,0
411,411,2021-06-09 23:21:26.593,30045,938.90625,2.5,0
412,412,2021-06-09 23:21:27.118,30008,937.75,2.5,0
413,413,2021-06-09 23:21:27.650,30008,937.75,2.5,0
414,414,2021-06-09 23:21:28.174,30030,938.4375,2.5,0
415,415,2021-06-09 23:21:28.710,30026,938.3125,2.5,0
416,416,2021-06-09 23:21:29.235,30027,938.34375,2.5,0
417,417,2021-06-09 23:21:29.772,30027,938.34375,2.5,0
418,418,2021-06-09 23:21:30.296,30033,938.53125,2.5,0
419,419,2021-06-09 23:21:30.835,30069,939.65625,2.5,0
420,420,2021-06-09 23:21:31.364,30074,939.8125,2.5,0
421,421,2021-06-09 23:21:31.889,30023,938.21875,2.5,0
422,422,2021-06-09 23:21:32.428,30027,938.34375,2.5,0
423,423,2021-06-09 23:21:32.960,30043,938.84375,2.5,0
424,424,2021-06-09 23:21:33.498,30043,938.84375,2.5,0
425,425,2021-06-09 23:21:34.022,30019,938.09375,2.5,0
426,426,2021-06-09 23:21:34.560,30003,937.59375,2.5,0
427,427,2021-06-09 23:21:35.084,30012,937.875,2.5,0
428,428,2021-06-09 23:21:35.622,30021,938.15625,2.5,0
429,429,2021-06-09 23:21:36.153,29984,937.0,2.5,0
430,430,2021-06-09 23:21:36.689,30022,938.1875,2.5,0
431,431,2021-06-09 23:21:37.212,29965,936.40625,2.5,0
432,432,2021-06-09 23:21:37.737,29982,936.9375,2.5,0
433,433,2021-06-09 23:21:38.269,29957,936.15625,2.5,0
434,434,2021-06-09 23:21:38.795,29926,935.1875,2.5,0
435,435,2021-06-09 23:21:39.332,29937,935.53125,2.5,0
436,436,2021-06-09 23:21:39.858,29954,936.0625,2.5,0
437,437,2021-06-09 23:21:40.395,29928,935.25,2.5,0
438,438,2021-06-09 23:21:40.920,29949,935.90625,2.5,0
439,439,2021-06-09 23:21:41.458,29929,935.28125,2.5,0
440,440,2021-06-09 23:21:41.981,29933,935.40625,2.5,0
441,441,2021-06-09 23:21:42.503,29963,936.34375,2.5,0
442,442,2021-06-09 23:21:43.028,29936,935.5,2.5,0
443,443,2021-06-09 23:21:43.556,29938,935.5625,2.5,0
444,444,2021-06-09 23:21:44.105,29914,934.8125,2.5,0
445,445,2021-06-09 23:21:44.630,29950,935.9375,2.5,0
446,446,2021-06-09 23:21:45.168,29962,936.3125,2.5,0
447,447,2021-06-09 23:21:45.693,29902,934.4375,2.5,0
448,448,2021-06-09 23:21:46.229,29901,934.40625,2.5,0
449,449,2021-06-09 23:21:46.754,29908,934.625,2.5,0
450,450,2021-06-09 23:21:47.291,29908,934.625,2.5,0
451,451,2021-06-09 23:21:47.814,29925,935.15625,2.5,0
452,452,2021-06-09 23:21:48.340,29942,935.6875,2.5,0
453,453,2021-06-09 23:21:48.877,29911,934.71875,2.5,0
454,454,2021-06-09 23:21:49.415,29895,934.21875,2.5,0
455,455,2021-06-09 23:21:49.952,29888,934.0,2.5,0
456,456,2021-06-09 23:21:50.474,29917,934.90625,2.5,0
457,457,2021-06-09 23:21:50.997,29907,934.59375,2.5,0
458,458,2021-06-09 23:21:51.520,29913,934.78125,2.5,0
459,459,2021-06-09 23:21:52.044,29918,934.9375,2.5,0
460,460,2021-06-09 23:21:52.607,29924,935.125,2.5,0
461,461,2021-06-09 23:21:53.134,29919,934.96875,2.5,0
462,462,2021-06-09 23:21:53.658,29924,935.125,2.5,0
463,463,2021-06-09 23:21:54.190,29919,934.96875,2.5,0
464,464,2021-06-09 23:21:54.714,29885,933.90625,2.5,0
465,465,2021-06-09 23:21:55.254,29910,934.6875,2.5,0
466,466,2021-06-09 23:21:55.778,29877,933.65625,2.5,0
467,467,2021-06-09 23:21:56.316,29873,933.53125,2.5,0
468,468,2021-06-09 23:21:56.841,29888,934.0,2.5,0
469,469,2021-06-09 23:21:57.380,29846,932.6875,2.5,0
470,470,2021-06-09 23:21:57.910,29849,932.78125,2.5,0
471,471,2021-06-09 23:21:58.433,29869,933.40625,2.5,0
472,472,2021-06-09 23:21:58.957,29878,933.6875,2.5,0
473,473,2021-06-09 23:21:59.491,29788,930.875,2.5,0
474,474,2021-06-09 23:22:00.035,29800,931.25,2.5,0
475,475,2021-06-09 23:22:00.560,29834,932.3125,2.5,0
476,476,2021-06-09 23:22:01.098,29822,931.9375,2.5,0
477,477,2021-06-09 23:22:01.623,29800,931.25,2.5,0
478,478,2021-06-09 23:22:02.161,29857,933.03125,2.5,0
479,479,2021-06-09 23:22:02.685,29845,932.65625,2.5,0
480,480,2021-06-09 23:22:03.208,29859,933.09375,2.5,0
481,481,2021-06-09 23:22:03.731,29828,932.125,2.5,0
482,482,2021-06-09 23:22:04.256,29822,931.9375,2.5,0
483,483,2021-06-09 23:22:04.805,29813,931.65625,2.5,0
484,484,2021-06-09 23:22:05.329,29776,930.5,2.5,0
485,485,2021-06-09 23:22:05.867,29817,931.78125,2.5,0
486,486,2021-06-09 23:22:06.393,29809,931.53125,2.5,0
487,487,2021-06-09 23:22:06.930,29836,932.375,2.5,0
488,488,2021-06-09 23:22:07.455,29837,932.40625,2.5,0
489,489,2021-06-09 23:22:07.992,29815,931.71875,2.5,0
490,490,2021-06-09 23:22:08.516,29816,931.75,2.5,0
491,491,2021-06-09 23:22:09.053,29788,930.875,2.5,0
492,492,2021-06-09 23:22:09.577,29793,931.03125,2.5,0
493,493,2021-06-09 23:22:10.105,29784,930.75,2.5,0
494,494,2021-06-09 23:22:10.653,29782,930.6875,2.5,0
495,495,2021-06-09 23:22:11.179,29752,929.75,2.5,0
496,496,2021-06-09 23:22:11.717,29752,929.75,2.5,0
497,497,2021-06-09 23:22:12.241,29721,928.78125,2.5,0
498,498,2021-06-09 23:22:12.778,29758,929.9375,2.5,0
499,499,2021-06-09 23:22:13.301,29741,929.40625,2.5,0
500,500,2021-06-09 23:22:13.829,29732,929.125,2.5,0
501,501,2021-06-09 23:22:14.352,29721,928.78125,2.5,0
502,502,2021-06-09 23:22:14.879,29721,928.78125,2.5,0
503,503,2021-06-09 23:22:15.428,29721,928.78125,2.5,0
504,504,2021-06-09 23:22:15.953,29699,928.09375,2.5,0
505,505,2021-06-09 23:22:16.490,29698,928.0625,2.5,0
506,506,2021-06-09 23:22:17.015,29707,928.34375,2.5,0
507,507,2021-06-09 23:22:17.552,29719,928.71875,2.5,0
508,508,2021-06-09 23:22:18.076,29673,927.28125,2.5,0
509,509,2021-06-09 23:22:18.614,29718,928.6875,2.5,0
510,510,2021-06-09 23:22:19.138,29689,927.78125,2.5,0
511,511,2021-06-09 23:22:19.661,29719,928.71875,2.5,0
512,512,2021-06-09 23:22:20.186,29752,929.75,2.5,0
513,513,2021-06-09 23:22:20.734,29759,929.96875,2.5,0
514,514,2021-06-09 23:22:21.259,29685,927.65625,2.5,0
515,515,2021-06-09 23:22:21.796,29673,927.28125,2.5,0
516,516,2021-06-09 23:22:22.320,29690,927.8125,2.5,0
517,517,2021-06-09 23:22:22.858,29695,927.96875,2.5,0
518,518,2021-06-09 23:22:23.384,29691,927.84375,2.5,0
519,519,2021-06-09 23:22:23.921,29618,925.5625,2.5,0
520,520,2021-06-09 23:22:24.446,29678,927.4375,2.5,0
521,521,2021-06-09 23:22:24.983,29701,928.15625,2.5,0
522,522,2021-06-09 23:22:25.506,29691,927.84375,2.5,0
523,523,2021-06-09 23:22:26.032,29682,927.5625,2.5,0
524,524,2021-06-09 23:22:26.579,29670,927.1875,2.5,0
525,525,2021-06-09 23:22:27.103,29649,926.53125,2.5,0
526,526,2021-06-09 23:22:27.642,29681,927.53125,2.5,0
527,527,2021-06-09 23:22:28.167,29713,928.53125,2.5,0
528,528,2021-06-09 23:22:28.704,29668,927.125,2.5,0
529,529,2021-06-09 23:22:29.229,29678,927.4375,2.5,0
530,530,2021-06-09 23:22:29.766,29701,928.15625,2.5,0
531,531,2021-06-09 23:22:30.289,29675,927.34375,2.5,0
532,532,2021-06-09 23:22:30.815,29688,927.75,2.5,0
533,533,2021-06-09 23:22:31.352,29627,925.84375,2.5,0
534,534,2021-06-09 23:22:31.886,29674,927.3125,2.5,0
535,535,2021-06-09 23:22:32.425,29709,928.40625,2.5,0
536,536,2021-06-09 23:22:32.951,29698,928.0625,2.5,0
537,537,2021-06-09 23:22:33.488,29704,928.25,2.5,0
538,538,2021-06-09 23:22:34.012,29646,926.4375,2.5,0
539,539,2021-06-09 23:22:34.550,29597,924.90625,2.5,0
540,540,2021-06-09 23:22:35.073,29619,925.59375,2.5,0
541,541,2021-06-09 23:22:35.596,29602,925.0625,2.5,0
542,542,2021-06-09 23:22:36.121,29635,926.09375,2.5,0
543,543,2021-06-09 23:22:36.648,29647,926.46875,2.5,0
544,544,2021-06-09 23:22:37.197,29640,926.25,2.5,0
545,545,2021-06-09 23:22:37.729,29665,927.03125,2.5,0
546,546,2021-06-09 23:22:38.267,29662,926.9375,2.5,0
547,547,2021-06-09 23:22:38.792,29644,926.375,2.5,0
548,548,2021-06-09 23:22:39.330,29648,926.5,2.5,0
549,549,2021-06-09 23:22:39.854,29609,925.28125,2.5,0
550,550,2021-06-09 23:22:40.392,29612,925.375,2.5,0
551,551,2021-06-09 23:22:40.916,29606,925.1875,2.5,0
552,552,2021-06-09 23:22:41.446,29671,927.21875,2.5,0
553,553,2021-06-09 23:22:41.973,29677,927.40625,2.5,0
554,554,2021-06-09 23:22:42.521,29665,927.03125,2.5,0
555,555,2021-06-09 23:22:43.045,29630,925.9375,2.5,0
556,556,2021-06-09 23:22:43.584,29674,927.3125,2.5,0
557,557,2021-06-09 23:22:44.108,29613,925.40625,2.5,0
558,558,2021-06-09 23:22:44.645,29574,924.1875,2.5,0
559,559,2021-06-09 23:22:45.171,29583,924.46875,2.5,0
560,560,2021-06-09 23:22:45.710,29554,923.5625,2.5,0
561,561,2021-06-09 23:22:46.239,29558,923.6875,2.5,0
562,562,2021-06-09 23:22:46.764,29537,923.03125,2.5,0
563,563,2021-06-09 23:22:47.291,29565,923.90625,2.5,0
564,564,2021-06-09 23:22:47.826,29600,925.0,2.5,0
565,565,2021-06-09 23:22:48.363,29610,925.3125,2.5,0
566,566,2021-06-09 23:22:48.888,29612,925.375,2.5,0
567,567,2021-06-09 23:22:49.426,29549,923.40625,2.5,0
568,568,2021-06-09 23:22:49.951,29620,925.625,2.5,0
569,569,2021-06-09 23:22:50.489,29568,924.0,2.5,0
570,570,2021-06-09 23:22:51.017,29550,923.4375,2.5,0
571,571,2021-06-09 23:22:51.540,29585,924.53125,2.5,0
572,572,2021-06-09 23:22:52.063,29538,923.0625,2.5,0
573,573,2021-06-09 23:22:52.589,29558,923.6875,2.5,0
574,574,2021-06-09 23:22:53.135,29488,921.5,2.5,0
575,575,2021-06-09 23:22:53.660,29529,922.78125,2.5,0
576,576,2021-06-09 23:22:54.198,29563,923.84375,2.5,0
577,577,2021-06-09 23:22:54.724,29560,923.75,2.5,0
578,578,2021-06-09 23:22:55.262,29551,923.46875,2.5,0
579,579,2021-06-09 23:22:55.786,29535,922.96875,2.5,0
580,580,2021-06-09 23:22:56.323,29547,923.34375,2.5,0
581,581,2021-06-09 23:22:56.846,29569,924.03125,2.5,0
582,582,2021-06-09 23:22:57.371,29594,924.8125,2.5,0
583,583,2021-06-09 23:22:57.903,29541,923.15625,2.5,0
584,584,2021-06-09 23:22:58.436,29531,922.84375,2.5,0
585,585,2021-06-09 23:22:58.974,29526,922.6875,2.5,0
586,586,2021-06-09 23:22:59.501,29549,923.40625,2.5,0
587,587,2021-06-09 23:23:00.038,29556,923.625,2.5,0
588,588,2021-06-09 23:23:00.562,29561,923.78125,2.5,0
589,589,2021-06-09 23:23:01.100,29521,922.53125,2.5,0
590,590,2021-06-09 23:23:01.623,29552,923.5,2.5,0
591,591,2021-06-09 23:23:02.154,29563,923.84375,2.5,0
592,592,2021-06-09 23:23:02.677,29533,922.90625,2.5,0
593,593,2021-06-09 23:23:03.203,29555,923.59375,2.5,0
594,594,2021-06-09 23:23:03.752,29563,923.84375,2.5,0
595,595,2021-06-09 23:23:04.284,29600,925.0,2.5,0
596,596,2021-06-09 23:23:04.822,29595,924.84375,2.5,0
597,597,2021-06-09 23:23:05.346,29563,923.84375,2.5,0
598,598,2021-06-09 23:23:05.884,29547,923.34375,2.5,0
599,599,2021-06-09 23:23:06.408,29565,923.90625,2.5,0
600,600,2021-06-09 23:23:06.938,29560,923.75,2.5,0
601,601,2021-06-09 23:23:07.463,29620,925.625,2.5,0
602,602,2021-06-09 23:23:07.992,29611,925.34375,2.5,0
603,603,2021-06-09 23:23:08.518,29553,923.53125,2.5,0
604,604,2021-06-09 23:23:09.066,29544,923.25,2.5,0
605,605,2021-06-09 23:23:09.590,29549,923.40625,2.5,0
606,606,2021-06-09 23:23:10.129,29550,923.4375,2.5,0
607,607,2021-06-09 23:23:10.653,29529,922.78125,2.5,0
608,608,2021-06-09 23:23:11.191,29547,923.34375,2.5,0
609,609,2021-06-09 23:23:11.716,29558,923.6875,2.5,0
610,610,2021-06-09 23:23:12.255,29541,923.15625,2.5,0
611,611,2021-06-09 23:23:12.784,29539,923.09375,2.5,0
612,612,2021-06-09 23:23:13.309,29512,922.25,2.5,0
613,613,2021-06-09 23:23:13.849,29551,923.46875,2.5,0
614,614,2021-06-09 23:23:14.381,29530,922.8125,2.5,0
615,615,2021-06-09 23:23:14.925,29532,922.875,2.5,0
616,616,2021-06-09 23:23:15.450,29551,923.46875,2.5,0
617,617,2021-06-09 23:23:15.987,29530,922.8125,2.5,0
618,618,2021-06-09 23:23:16.512,29529,922.78125,2.5,0
619,619,2021-06-09 23:23:17.051,29512,922.25,2.5,0
620,620,2021-06-09 23:23:17.582,29516,922.375,2.5,0
621,621,2021-06-09 23:23:18.119,29521,922.53125,2.5,0
622,622,2021-06-09 23:23:18.643,29517,922.40625,2.5,0
623,623,2021-06-09 23:23:19.169,29497,921.78125,2.5,0
624,624,2021-06-09 23:23:19.709,29495,921.71875,2.5,0
625,625,2021-06-09 23:23:20.235,29502,921.9375,2.5,0
626,626,2021-06-09 23:23:20.773,29454,920.4375,2.5,0
627,627,2021-06-09 23:23:21.298,29434,919.8125,2.5,0
628,628,2021-06-09 23:23:21.835,29462,920.6875,2.5,0
629,629,2021-06-09 23:23:22.367,29497,921.78125,2.5,0
630,630,2021-06-09 23:23:22.904,29508,922.125,2.5,0
631,631,2021-06-09 23:23:23.427,29517,922.40625,2.5,0
632,632,2021-06-09 23:23:23.952,29460,920.625,2.5,0
633,633,2021-06-09 23:23:24.487,29432,919.75,2.5,0
634,634,2021-06-09 23:23:25.014,29465,920.78125,2.5,0
635,635,2021-06-09 23:23:25.565,29448,920.25,2.5,0
636,636,2021-06-09 23:23:26.090,29483,921.34375,2.5,0
637,637,2021-06-09 23:23:26.627,29496,921.75,2.5,0
638,638,2021-06-09 23:23:27.153,29462,920.6875,2.5,0
639,639,2021-06-09 23:23:27.690,29456,920.5,2.5,0
640,640,2021-06-09 23:23:28.215,29484,921.375,2.5,0
641,641,2021-06-09 23:23:28.753,29478,921.1875,2.5,0
642,642,2021-06-09 23:23:29.276,29471,920.96875,2.5,0
643,643,2021-06-09 23:23:29.801,29462,920.6875,2.5,0
644,644,2021-06-09 23:23:30.348,29467,920.84375,2.5,0
645,645,2021-06-09 23:23:30.880,29465,920.78125,2.5,0
646,646,2021-06-09 23:23:31.417,29467,920.84375,2.5,0
647,647,2021-06-09 23:23:31.942,29442,920.0625,2.5,0
648,648,2021-06-09 23:23:32.480,29459,920.59375,2.5,0
649,649,2021-06-09 23:23:33.004,29428,919.625,2.5,0
650,650,2021-06-09 23:23:33.542,29439,919.96875,2.5,0
651,651,2021-06-09 23:23:34.066,29444,920.125,2.5,0
652,652,2021-06-09 23:23:34.593,29474,921.0625,2.5,0
653,653,2021-06-09 23:23:35.137,29474,921.0625,2.5,0
654,654,2021-06-09 23:23:35.683,29411,919.09375,2.5,0
655,655,2021-06-09 23:23:36.220,29422,919.4375,2.5,0
656,656,2021-06-09 23:23:36.745,29425,919.53125,2.5,0
657,657,2021-06-09 23:23:37.283,29425,919.53125,2.5,0
658,658,2021-06-09 23:23:37.807,29400,918.75,2.5,0
659,659,2021-06-09 23:23:38.330,29445,920.15625,2.5,0
660,660,2021-06-09 23:23:38.854,29436,919.875,2.5,0
661,661,2021-06-09 23:23:39.384,29443,920.09375,2.5,0
662,662,2021-06-09 23:23:39.909,29469,920.90625,2.5,0
663,663,2021-06-09 23:23:40.457,29493,921.65625,2.5,0
664,664,2021-06-09 23:23:40.982,29465,920.78125,2.5,0
665,665,2021-06-09 23:23:41.519,29436,919.875,2.5,0
666,666,2021-06-09 23:23:42.044,29489,921.53125,2.5,0
667,667,2021-06-09 23:23:42.582,29498,921.8125,2.5,0
668,668,2021-06-09 23:23:43.107,29498,921.8125,2.5,0
669,669,2021-06-09 23:23:43.644,29474,921.0625,2.5,0
670,670,2021-06-09 23:23:44.175,29502,921.9375,2.5,0
671,671,2021-06-09 23:23:44.700,29466,920.8125,2.5,0
672,672,2021-06-09 23:23:45.228,29411,919.09375,2.5,0
673,673,2021-06-09 23:23:45.759,29440,920.0,2.5,0
674,674,2021-06-09 23:23:46.307,29409,919.03125,2.5,0
675,675,2021-06-09 23:23:46.831,29430,919.6875,2.5,0
676,676,2021-06-09 23:23:47.369,29446,920.1875,2.5,0
677,677,2021-06-09 23:23:47.895,29397,918.65625,2.5,0
678,678,2021-06-09 23:23:48.433,29370,917.8125,2.5,0
679,679,2021-06-09 23:23:48.959,29338,916.8125,2.5,0
680,680,2021-06-09 23:23:49.497,29335,916.71875,2.5,0
681,681,2021-06-09 23:23:50.020,29396,918.625,2.5,0
682,682,2021-06-09 23:23:50.544,29372,917.875,2.5,0
683,683,2021-06-09 23:23:51.073,29354,917.3125,2.5,0
684,684,2021-06-09 23:23:51.609,29366,917.6875,2.5,0
685,685,2021-06-09 23:23:52.147,29369,917.78125,2.5,0
686,686,2021-06-09 23:23:52.673,29334,916.6875,2.5,0
687,687,2021-06-09 23:23:53.211,29316,916.125,2.5,0
688,688,2021-06-09 23:23:53.736,29323,916.34375,2.5,0
689,689,2021-06-09 23:23:54.273,29319,916.21875,2.5,0
690,690,2021-06-09 23:23:54.796,29332,916.625,2.5,0
691,691,2021-06-09 23:23:55.330,29322,916.3125,2.5,0
692,692,2021-06-09 23:23:55.854,29336,916.75,2.5,0
693,693,2021-06-09 23:23:56.382,29367,917.71875,2.5,0
694,694,2021-06-09 23:23:56.932,29376,918.0,2.5,0
695,695,2021-06-09 23:23:57.458,29351,917.21875,2.5,0
696,696,2021-06-09 23:23:57.995,29353,917.28125,2.5,0
697,697,2021-06-09 23:23:58.520,29325,916.40625,2.5,0
698,698,2021-06-09 23:23:59.058,29315,916.09375,2.5,0
699,699,2021-06-09 23:23:59.582,29368,917.75,2.5,0
700,700,2021-06-09 23:24:00.120,29371,917.84375,2.5,0
701,701,2021-06-09 23:24:00.643,29330,916.5625,2.5,0
702,702,2021-06-09 23:24:01.170,29341,916.90625,2.5,0
703,703,2021-06-09 23:24:01.718,29353,917.28125,2.5,0
704,704,2021-06-09 23:24:02.261,29340,916.875,2.5,0
705,705,2021-06-09 23:24:02.798,29333,916.65625,2.5,0
706,706,2021-06-09 23:24:03.321,29340,916.875,2.5,0
707,707,2021-06-09 23:24:03.844,29327,916.46875,2.5,0
708,708,2021-06-09 23:24:04.368,29299,915.59375,2.5,0
709,709,2021-06-09 23:24:04.891,29287,915.21875,2.5,0
710,710,2021-06-09 23:24:05.415,29255,914.21875,2.5,0
711,711,2021-06-09 23:24:05.947,29296,915.5,2.5,0
712,712,2021-06-09 23:24:06.473,29312,916.0,2.5,0
713,713,2021-06-09 23:24:07.019,29305,915.78125,2.5,0
714,714,2021-06-09 23:24:07.544,29297,915.53125,2.5,0
715,715,2021-06-09 23:24:08.082,29283,915.09375,2.5,0
716,716,2021-06-09 23:24:08.606,29303,915.71875,2.5,0
717,717,2021-06-09 23:24:09.145,29302,915.6875,2.5,0
718,718,2021-06-09 23:24:09.670,29261,914.40625,2.5,0
719,719,2021-06-09 23:24:10.208,29307,915.84375,2.5,0
720,720,2021-06-09 23:24:10.737,29269,914.65625,2.5,0
721,721,2021-06-09 23:24:11.261,29316,916.125,2.5,0
722,722,2021-06-09 23:24:11.785,29309,915.90625,2.5,0
723,723,2021-06-09 23:24:12.318,29289,915.28125,2.5,0
724,724,2021-06-09 23:24:12.861,29302,915.6875,2.5,0
725,725,2021-06-09 23:24:13.385,29240,913.75,2.5,0
726,726,2021-06-09 23:24:13.923,29219,913.09375,2.5,0
727,727,2021-06-09 23:24:14.449,29263,914.46875,2.5,0
728,728,2021-06-09 23:24:14.987,29281,915.03125,2.5,0
729,729,2021-06-09 23:24:15.510,29310,915.9375,2.5,0
730,730,2021-06-09 23:24:16.048,29311,915.96875,2.5,0
731,731,2021-06-09 23:24:16.571,29289,915.28125,2.5,0
732,732,2021-06-09 23:24:17.097,29253,914.15625,2.5,0
733,733,2021-06-09 23:24:17.644,29193,912.28125,2.5,0
734,734,2021-06-09 23:24:18.169,29251,914.09375,2.5,0
735,735,2021-06-09 23:24:18.707,29249,914.03125,2.5,0
736,736,2021-06-09 23:24:19.233,29287,915.21875,2.5,0
737,737,2021-06-09 23:24:19.771,29289,915.28125,2.5,0
738,738,2021-06-09 23:24:20.296,29358,917.4375,2.5,0
739,739,2021-06-09 23:24:20.833,29338,916.8125,2.5,0
740,740,2021-06-09 23:24:21.357,29332,916.625,2.5,0
741,741,2021-06-09 23:24:21.880,29366,917.6875,2.5,0
742,742,2021-06-09 23:24:22.404,29366,917.6875,2.5,0
743,743,2021-06-09 23:24:22.937,29333,916.65625,2.5,0
744,744,2021-06-09 23:24:23.482,29298,915.5625,2.5,0
745,745,2021-06-09 23:24:24.008,29272,914.75,2.5,0
746,746,2021-06-09 23:24:24.545,29272,914.75,2.5,0
747,747,2021-06-09 23:24:25.071,29202,912.5625,2.5,0
748,748,2021-06-09 23:24:25.609,29233,913.53125,2.5,0
749,749,2021-06-09 23:24:26.133,29234,913.5625,2.5,0
750,750,2021-06-09 23:24:26.671,29224,913.25,2.5,0
751,751,2021-06-09 23:24:27.194,29243,913.84375,2.5,0
752,752,2021-06-09 23:24:27.721,29198,912.4375,2.5,0
753,753,2021-06-09 23:24:28.268,29198,912.4375,2.5,0
754,754,2021-06-09 23:24:28.802,29270,914.6875,2.5,0
755,755,2021-06-09 23:24:29.339,29268,914.625,2.5,0
756,756,2021-06-09 23:24:29.863,29230,913.4375,2.5,0
757,757,2021-06-09 23:24:30.386,29229,913.40625,2.5,0
758,758,2021-06-09 23:24:30.910,29269,914.65625,2.5,0
759,759,2021-06-09 23:24:31.433,29272,914.75,2.5,0
760,760,2021-06-09 23:24:31.957,29285,915.15625,2.5,0
761,761,2021-06-09 23:24:32.481,29255,914.21875,2.5,0
762,762,2021-06-09 23:24:33.014,29223,913.21875,2.5,0
763,763,2021-06-09 23:24:33.558,29219,913.09375,2.5,0
764,764,2021-06-09 23:24:34.082,29225,913.28125,2.5,0
765,765,2021-06-09 23:24:34.621,29227,913.34375,2.5,0
766,766,2021-06-09 23:24:35.145,29195,912.34375,2.5,0
767,767,2021-06-09 23:24:35.682,29190,912.1875,2.5,0
768,768,2021-06-09 23:24:36.207,29209,912.78125,2.5,0
769,769,2021-06-09 23:24:36.730,29223,913.21875,2.5,0
770,770,2021-06-09 23:24:37.254,29184,912.0,2.5,0
771,771,2021-06-09 23:24:37.780,29153,911.03125,2.5,0
772,772,2021-06-09 23:24:38.328,29153,911.03125,2.5,0
773,773,2021-06-09 23:24:38.853,29233,913.53125,2.5,0
774,774,2021-06-09 23:24:39.390,29234,913.5625,2.5,0
775,775,2021-06-09 23:24:39.915,29232,913.5,2.5,0
776,776,2021-06-09 23:24:40.452,29176,911.75,2.5,0
777,777,2021-06-09 23:24:40.978,29178,911.8125,2.5,0
778,778,2021-06-09 23:24:41.516,29157,911.15625,2.5,0
779,779,2021-06-09 23:24:42.039,29208,912.75,2.5,0
780,780,2021-06-09 23:24:42.566,29134,910.4375,2.5,0
781,781,2021-06-09 23:24:43.091,29175,911.71875,2.5,0
782,782,2021-06-09 23:24:43.625,29159,911.21875,2.5,0
783,783,2021-06-09 23:24:44.171,29209,912.78125,2.5,0
784,784,2021-06-09 23:24:44.695,29224,913.25,2.5,0
785,785,2021-06-09 23:24:45.234,29252,914.125,2.5,0
786,786,2021-06-09 23:24:45.760,29219,913.09375,2.5,0
787,787,2021-06-09 23:24:46.297,29233,913.53125,2.5,0
788,788,2021-06-09 23:24:46.821,29247,913.96875,2.5,0
789,789,2021-06-09 23:24:47.344,29279,914.96875,2.5,0
790,790,2021-06-09 23:24:47.867,29251,914.09375,2.5,0
791,791,2021-06-09 23:24:48.393,29272,914.75,2.5,0
792,792,2021-06-09 23:24:48.930,29213,912.90625,2.5,0
793,793,2021-06-09 23:24:49.457,29168,911.5,2.5,0
794,794,2021-06-09 23:24:49.996,29183,911.96875,2.5,0
795,795,2021-06-09 23:24:50.529,29168,911.5,2.5,0
796,796,2021-06-09 23:24:51.066,29180,911.875,2.5,0
797,797,2021-06-09 23:24:51.591,29175,911.71875,2.5,0
798,798,2021-06-09 23:24:52.129,29162,911.3125,2.5,0
799,799,2021-06-09 23:24:52.653,29192,912.25,2.5,0
800,800,2021-06-09 23:24:53.190,29205,912.65625,2.5,0
801,801,2021-06-09 23:24:53.715,29137,910.53125,2.5,0
802,802,2021-06-09 23:24:54.250,29135,910.46875,2.5,0
803,803,2021-06-09 23:24:54.796,29135,910.46875,2.5,0
804,804,2021-06-09 23:24:55.319,29192,912.25,2.5,0
805,805,2021-06-09 23:24:55.844,29203,912.59375,2.5,0
806,806,2021-06-09 23:24:56.381,29201,912.53125,2.5,0
807,807,2021-06-09 23:24:56.906,29173,911.65625,2.5,0
808,808,2021-06-09 23:24:57.445,29216,913.0,2.5,0
809,809,2021-06-09 23:24:57.969,29200,912.5,2.5,0
810,810,2021-06-09 23:24:58.497,29184,912.0,2.5,0
811,811,2021-06-09 23:24:59.022,29193,912.28125,2.5,0
812,812,2021-06-09 23:24:59.556,29117,909.90625,2.5,0
813,813,2021-06-09 23:25:00.102,29114,909.8125,2.5,0
814,814,2021-06-09 23:25:00.627,29102,909.4375,2.5,0
815,815,2021-06-09 23:25:01.165,29104,909.5,2.5,0
816,816,2021-06-09 23:25:01.690,29037,907.40625,2.5,0
817,817,2021-06-09 23:25:02.227,29098,909.3125,2.5,0
818,818,2021-06-09 23:25:02.753,29106,909.5625,2.5,0
819,819,2021-06-09 23:25:03.282,29178,911.8125,2.5,0
820,820,2021-06-09 23:25:03.805,29094,909.1875,2.5,0
821,821,2021-06-09 23:25:04.331,29112,909.75,2.5,0
822,822,2021-06-09 23:25:04.880,29159,911.21875,2.5,0
823,823,2021-06-09 23:25:05.412,29130,910.3125,2.5,0
824,824,2021-06-09 23:25:05.950,29110,909.6875,2.5,0
825,825,2021-06-09 23:25:06.475,29048,907.75,2.5,0
826,826,2021-06-09 23:25:07.012,29050,907.8125,2.5,0
827,827,2021-06-09 23:25:07.539,28999,906.21875,2.5,0
828,828,2021-06-09 23:25:08.077,29012,906.625,2.5,0
829,829,2021-06-09 23:25:08.602,29070,908.4375,2.5,0
830,830,2021-06-09 23:25:09.139,29045,907.65625,2.5,0
831,831,2021-06-09 23:25:09.663,29056,908.0,2.5,0
832,832,2021-06-09 23:25:10.190,29092,909.125,2.5,0
833,833,2021-06-09 23:25:10.737,29095,909.21875,2.5,0
834,834,2021-06-09 23:25:11.262,29116,909.875,2.5,0
835,835,2021-06-09 23:25:11.800,29167,911.46875,2.5,0
836,836,2021-06-09 23:25:12.326,29142,910.6875,2.5,0
837,837,2021-06-09 23:25:12.864,29180,911.875,2.5,0
838,838,2021-06-09 23:25:13.389,29123,910.09375,2.5,0
839,839,2021-06-09 23:25:13.926,29093,909.15625,2.5,0
840,840,2021-06-09 23:25:14.449,29109,909.65625,2.5,0
841,841,2021-06-09 23:25:14.975,29087,908.96875,2.5,0
842,842,2021-06-09 23:25:15.514,29124,910.125,2.5,0
843,843,2021-06-09 23:25:16.046,29112,909.75,2.5,0
844,844,2021-06-09 23:25:16.587,29208,912.75,2.5,0
845,845,2021-06-09 23:25:17.113,29194,912.3125,2.5,0
846,846,2021-06-09 23:25:17.650,29166,911.4375,2.5,0
847,847,2021-06-09 23:25:18.175,29105,909.53125,2.5,0
848,848,2021-06-09 23:25:18.713,29081,908.78125,2.5,0
849,849,2021-06-09 23:25:19.237,29094,909.1875,2.5,0
850,850,2021-06-09 23:25:19.775,29043,907.59375,2.5,0
851,851,2021-06-09 23:25:20.299,29097,909.28125,2.5,0
852,852,2021-06-09 23:25:20.826,29050,907.8125,2.5,0
853,853,2021-06-09 23:25:21.374,29068,908.375,2.5,0
854,854,2021-06-09 23:25:21.907,29028,907.125,2.5,0
855,855,2021-06-09 23:25:22.444,29013,906.65625,2.5,0
856,856,2021-06-09 23:25:22.967,29093,909.15625,2.5,0
857,857,2021-06-09 23:25:23.491,29007,906.46875,2.5,0
858,858,2021-06-09 23:25:24.014,29130,910.3125,2.5,0
859,859,2021-06-09 23:25:24.538,29040,907.5,2.5,0
860,860,2021-06-09 23:25:25.061,29033,907.28125,2.5,0
861,861,2021-06-09 23:25:25.590,29044,907.625,2.5,0
862,862,2021-06-09 23:25:26.116,29060,908.125,2.5,0
863,863,2021-06-09 23:25:26.663,29049,907.78125,2.5,0
864,864,2021-06-09 23:25:27.187,29007,906.46875,2.5,0
865,865,2021-06-09 23:25:27.725,29094,909.1875,2.5,0
866,866,2021-06-09 23:25:28.250,29059,908.09375,2.5,0
867,867,2021-06-09 23:25:28.788,29066,908.3125,2.5,0
868,868,2021-06-09 23:25:29.314,29043,907.59375,2.5,0
869,869,2021-06-09 23:25:29.852,29054,907.9375,2.5,0
870,870,2021-06-09 23:25:30.375,29054,907.9375,2.5,0
871,871,2021-06-09 23:25:30.899,28990,905.9375,2.5,0
872,872,2021-06-09 23:25:31.424,29042,907.5625,2.5,0
873,873,2021-06-09 23:25:31.957,29036,907.375,2.5,0
874,874,2021-06-09 23:25:32.496,29061,908.15625,2.5,0
875,875,2021-06-09 23:25:33.021,28994,906.0625,2.5,0
876,876,2021-06-09 23:25:33.558,29026,907.0625,2.5,0
877,877,2021-06-09 23:25:34.085,29109,909.65625,2.5,0
878,878,2021-06-09 23:25:34.624,29044,907.625,2.5,0
879,879,2021-06-09 23:25:35.148,29037,907.40625,2.5,0
880,880,2021-06-09 23:25:35.686,28991,905.96875,2.5,0
881,881,2021-06-09 23:25:36.209,29009,906.53125,2.5,0
882,882,2021-06-09 23:25:36.735,29073,908.53125,2.5,0
883,883,2021-06-09 23:25:37.282,29101,909.40625,2.5,0
884,884,2021-06-09 23:25:37.807,29058,908.0625,2.5,0
885,885,2021-06-09 23:25:38.345,29018,906.8125,2.5,0
886,886,2021-06-09 23:25:38.870,29034,907.3125,2.5,0
887,887,2021-06-09 23:25:39.408,29024,907.0,2.5,0
888,888,2021-06-09 23:25:39.933,29053,907.90625,2.5,0
889,889,2021-06-09 23:25:40.471,29070,908.4375,2.5,0
890,890,2021-06-09 23:25:40.994,29040,907.5,2.5,0
891,891,2021-06-09 23:25:41.519,29052,907.875,2.5,0
892,892,2021-06-09 23:25:42.057,29044,907.625,2.5,0
893,893,2021-06-09 23:25:42.590,29088,909.0,2.5,0
894,894,2021-06-09 23:25:43.137,29081,908.78125,2.5,0
895,895,2021-06-09 23:25:43.663,29033,907.28125,2.5,0
896,896,2021-06-09 23:25:44.200,29055,907.96875,2.5,0
897,897,2021-06-09 23:25:44.725,29041,907.53125,2.5,0
898,898,2021-06-09 23:25:45.263,29068,908.375,2.5,0
899,899,2021-06-09 23:25:45.788,29071,908.46875,2.5,0
900,900,2021-06-09 23:25:46.326,29071,908.46875,2.5,0
901,901,2021-06-09 23:25:46.849,29009,906.53125,2.5,0
902,902,2021-06-09 23:25:47.376,29087,908.96875,2.5,0
903,903,2021-06-09 23:25:47.925,29035,907.34375,2.5,0
904,904,2021-06-09 23:25:48.460,29016,906.75,2.5,0
905,905,2021-06-09 23:25:48.997,28993,906.03125,2.5,0
906,906,2021-06-09 23:25:49.520,28967,905.21875,2.5,0
907,907,2021-06-09 23:25:50.044,29055,907.96875,2.5,0
908,908,2021-06-09 23:25:50.568,29018,906.8125,2.5,0
909,909,2021-06-09 23:25:51.092,29000,906.25,2.5,0
910,910,2021-06-09 23:25:51.615,28995,906.09375,2.5,0
911,911,2021-06-09 23:25:52.139,28995,906.09375,2.5,0
912,912,2021-06-09 23:25:52.664,28975,905.46875,2.5,0
913,913,2021-06-09 23:25:53.212,28968,905.25,2.5,0
914,914,2021-06-09 23:25:53.736,29018,906.8125,2.5,0
915,915,2021-06-09 23:25:54.274,28976,905.5,2.5,0
916,916,2021-06-09 23:25:54.799,29024,907.0,2.5,0
917,917,2021-06-09 23:25:55.337,29026,907.0625,2.5,0
918,918,2021-06-09 23:25:55.864,29003,906.34375,2.5,0
919,919,2021-06-09 23:25:56.401,28976,905.5,2.5,0
920,920,2021-06-09 23:25:56.925,29068,908.375,2.5,0
921,921,2021-06-09 23:25:57.450,29057,908.03125,2.5,0
922,922,2021-06-09 23:25:57.977,29034,907.3125,2.5,0
923,923,2021-06-09 23:25:58.512,29043,907.59375,2.5,0
924,924,2021-06-09 23:25:59.050,29040,907.5,2.5,0
925,925,2021-06-09 23:25:59.575,29032,907.25,2.5,0
926,926,2021-06-09 23:26:00.113,29006,906.4375,2.5,0
927,927,2021-06-09 23:26:00.639,29034,907.3125,2.5,0
928,928,2021-06-09 23:26:01.178,29018,906.8125,2.5,0
929,929,2021-06-09 23:26:01.701,28995,906.09375,2.5,0
930,930,2021-06-09 23:26:02.225,28986,905.8125,2.5,0
931,931,2021-06-09 23:26:02.748,28908,903.375,2.5,0
932,932,2021-06-09 23:26:03.275,29005,906.40625,2.5,0
933,933,2021-06-09 23:26:03.822,29051,907.84375,2.5,0
934,934,2021-06-09 23:26:04.347,29020,906.875,2.5,0
935,935,2021-06-09 23:26:04.886,29042,907.5625,2.5,0
936,936,2021-06-09 23:26:05.412,28980,905.625,2.5,0
937,937,2021-06-09 23:26:05.950,29009,906.53125,2.5,0
938,938,2021-06-09 23:26:06.475,28998,906.1875,2.5,0
939,939,2021-06-09 23:26:07.013,28971,905.34375,2.5,0
940,940,2021-06-09 23:26:07.537,28956,904.875,2.5,0
941,941,2021-06-09 23:26:08.064,28961,905.03125,2.5,0
942,942,2021-06-09 23:26:08.590,28938,904.3125,2.5,0
943,943,2021-06-09 23:26:09.125,28987,905.84375,2.5,0
944,944,2021-06-09 23:26:09.664,28966,905.1875,2.5,0
945,945,2021-06-09 23:26:10.191,28976,905.5,2.5,0
946,946,2021-06-09 23:26:10.728,29024,907.0,2.5,0
947,947,2021-06-09 23:26:11.253,28934,904.1875,2.5,0
948,948,2021-06-09 23:26:11.792,28926,903.9375,2.5,0
949,949,2021-06-09 23:26:12.316,28924,903.875,2.5,0
950,950,2021-06-09 23:26:12.854,28943,904.46875,2.5,0
951,951,2021-06-09 23:26:13.379,28886,902.6875,2.5,0
952,952,2021-06-09 23:26:13.908,29005,906.40625,2.5,0
953,953,2021-06-09 23:26:14.458,29005,906.40625,2.5,0
954,954,2021-06-09 23:26:14.982,28928,904.0,2.5,0
955,955,2021-06-09 23:26:15.520,28947,904.59375,2.5,0
956,956,2021-06-09 23:26:16.043,28882,902.5625,2.5,0
957,957,2021-06-09 23:26:16.568,28855,901.71875,2.5,0
958,958,2021-06-09 23:26:17.091,28948,904.625,2.5,0
959,959,2021-06-09 23:26:17.617,28923,903.84375,2.5,0
960,960,2021-06-09 23:26:18.142,28914,903.5625,2.5,0
961,961,2021-06-09 23:26:18.666,28946,904.5625,2.5,0
962,962,2021-06-09 23:26:19.191,29008,906.5,2.5,0
963,963,2021-06-09 23:26:19.716,28981,905.65625,2.5,0
964,964,2021-06-09 23:26:20.240,28998,906.1875,2.5,0
965,965,2021-06-09 23:26:20.775,29007,906.46875,2.5,0
966,966,2021-06-09 23:26:21.302,28999,906.21875,2.5,0
967,967,2021-06-09 23:26:21.827,28955,904.84375,2.5,0
968,968,2021-06-09 23:26:22.353,28968,905.25,2.5,0
969,969,2021-06-09 23:26:22.878,28918,903.6875,2.5,0
970,970,2021-06-09 23:26:23.404,28910,903.4375,2.5,0
971,971,2021-06-09 23:26:23.929,28918,903.6875,2.5,0
972,972,2021-06-09 23:26:24.454,28918,903.6875,2.5,0
973,973,2021-06-09 23:26:24.981,28925,903.90625,2.5,0
974,974,2021-06-09 23:26:25.508,28928,904.0,2.5,0
975,975,2021-06-09 23:26:26.037,28935,904.21875,2.5,0
976,976,2021-06-09 23:26:26.562,28934,904.1875,2.5,0
977,977,2021-06-09 23:26:27.087,28865,902.03125,2.5,0
978,978,2021-06-09 23:26:27.613,28846,901.4375,2.5,0
979,979,2021-06-09 23:26:28.138,28888,902.75,2.5,0
980,980,2021-06-09 23:26:28.664,28854,901.6875,2.5,0
981,981,2021-06-09 23:26:29.189,28841,901.28125,2.5,0
982,982,2021-06-09 23:26:29.717,28844,901.375,2.5,0
983,983,2021-06-09 23:26:30.242,28850,901.5625,2.5,0
984,984,2021-06-09 23:26:30.768,28863,901.96875,2.5,0
985,985,2021-06-09 23:26:31.295,28873,902.28125,2.5,0
986,986,2021-06-09 23:26:31.821,28820,900.625,2.5,0
987,987,2021-06-09 23:26:32.347,28828,900.875,2.5,0
988,988,2021-06-09 23:26:32.874,28894,902.9375,2.5,0
989,989,2021-06-09 23:26:33.401,28895,902.96875,2.5,0
990,990,2021-06-09 23:26:33.927,28891,902.84375,2.5,0
991,991,2021-06-09 23:26:34.455,28934,904.1875,2.5,0
992,992,2021-06-09 23:26:34.983,28905,903.28125,2.5,0
993,993,2021-06-09 23:26:35.513,28886,902.6875,2.5,0
994,994,2021-06-09 23:26:36.048,28900,903.125,2.5,0
995,995,2021-06-09 23:26:36.574,28911,903.46875,2.5,0
996,996,2021-06-09 23:26:37.100,28928,904.0,2.5,0
997,997,2021-06-09 23:26:37.626,28865,902.03125,2.5,0
998,998,2021-06-09 23:26:38.163,28865,902.03125,2.5,0
999,999,2021-06-09 23:26:38.689,28947,904.59375,2.5,0
